,station,neighbourhood
0,175 N Harvard St,Allston
1,2 Hummingbird Lane at Olmsted Green,Mattapan
2,555 Metropolitan Ave,Hyde Park
3,606 American Legion Hwy at Canterbury St,Roslindale
4,645 Summer St,South Boston Waterfront
5,700 Commonwealth Ave.,Fenway
6,Adams Branch Library,Dorchester
7,Adams St at Lonsdale St,Dorchester
8,Addison St at Saratoga St,East Boston
9,Airport T Stop - Bremen St at Brooks St,East Boston
10,Albany St at E. Brookline St,South End
11,American Legion Hwy at Cummins Hwy,Roslindale
12,American Legion Hwy at Hyde Park Ave,Roslindale
13,Andrew T Stop - Dorchester Ave at Dexter St,South Boston
14,Aquarium T Stop - 200 Atlantic Ave,Downtown
15,Arch St at Franklin St,Downtown
16,Archdale Rd at Washington St,Roslindale
17,Ashmont T Stop,Dorchester
18,B.U. Central - 725 Comm. Ave.,Fenway
19,Back Bay T Stop - Dartmouth St at Stuart St,Back Bay
20,Bartlett St at John Elliot Sq,Roxbury
21,Beacon St at Charles St,Beacon Hill
22,Beacon St at Massachusetts Ave,Fenway
23,Belgrade Ave at Walworth St,Roslindale
24,Bellevue T Stop,Roslindale
25,Bennington St at Byron St,East Boston
26,Bennington St at Constitution Beach,East Boston
27,Blossom St at Charles St,West End
28,Blue Hill Ave at Almont St,Mattapan
29,Blue Hill Ave at Havelock St,Dorchester
30,Blue Hill Ave at Southwood St,Roxbury
31,Boston City Hall - 28 State St,Downtown
32,Boston Convention and Exhibition Center - Summer St at West Side Dr,South Boston Waterfront
33,Boston East - 126 Border St,East Boston
34,Boston Landing,Brighton
35,Boston Medical Center - E Concord St at Harrison Ave,South End
36,Bowdoin St at Quincy St,Dorchester
37,Boylston St at Berkeley St,Back Bay
38,Boylston St at Charles St,Beacon Hill
39,Boylston St at Dartmouth St,Back Bay
40,Boylston St at Exeter St,Back Bay
41,Boylston St at Fairfield St,Back Bay
42,Boylston St at Jersey St,Fenway
43,Boylston St at Massachusetts Ave,Back Bay
44,Brigham Circle - Francis St at Huntington Ave,Longwood
45,Brighton Ave at Linden St,Allston
46,Brighton Center - Washington St at Cambridge St,Brighton
47,Brighton Mills - 370 Western Ave,Brighton
48,Broad St at Central St,Downtown
49,Bunker Hill Community College,Charlestown
50,Burlington Ave at Brookline Ave,Fenway
51,Cambridge St at Joy St,West End
52,Canal St at Causeway St,West End
53,Central Ave at River St,Mattapan
54,Central Square East Boston,East Boston
55,Centre St at Parkway YMCA,West Roxbury
56,Centre St at Seaverns Ave,Jamaica Plain
57,Centre St at W. Roxbury Post Office,West Roxbury
58,Charles Circle - Charles St at Cambridge St,Beacon Hill
59,Charlestown Navy Yard,Charlestown
60,Chinatown Gate Plaza,Chinatown
61,Chinatown T Stop,Downtown
62,Christian Science Plaza - Massachusetts Ave at Westland Ave,Back Bay
63,Circuit Drive at American Legion Hwy,Roxbury
64,Clarendon St at Newbury St,Back Bay
65,Cleary Sq,Hyde Park
66,Cleveland Circle,Brighton
67,Clinton St at North St,Downtown
68,Codman Square Library,Dorchester
69,Colleges of the Fenway - Fenway at Avenue Louis Pasteur,Longwood
70,Columbia Rd at Ceylon St,Dorchester
71,Columbia Rd at Tierney Community Center,South Boston
72,Columbus Ave at W. Canton St,South End
73,Commonwealth Ave at Agganis Way,Allston
74,Commonwealth Ave at Chiswick Rd,Brighton
75,Commonwealth Ave at Griggs St,Allston
76,Commonwealth Ave at Kelton St,Allston
77,Congress St at Boston City Hall,Downtown
78,Congress St at Northern Ave,South Boston Waterfront
79,Congress St at Sleeper St,South Boston Waterfront
80,Copley Square - Dartmouth St at Boylston St,Back Bay
81,Cross St at Hanover St,North End
82,Curtis Hall - South St at Centre St,Jamaica Plain
83,Dartmouth St at Newbury St,Back Bay
84,Day Sq,East Boston
85,Deerfield St at Commonwealth Ave,Fenway
86,Dorchester Ave at Gillette Park,South Boston
87,Dudley Square - Bolling Building,Roxbury
88,Dudley Town Common - Mt Pleasant Ave at Blue Hill Ave,Roxbury
89,E Cottage St at Columbia Rd,Dorchester
90,East Boston Neighborhood Health Center - 20 Maverick Square,East Boston
91,Edwards Playground - Main St at Eden St,Charlestown
92,Egleston Square - Atherton St at Washington St,Jamaica Plain
93,Fan Pier,South Boston Waterfront
94,Faneuil St at Arlington St,Brighton
95,Farragut Rd at E. 6th St,South Boston
96,Fields Corner T Stop,Dorchester
97,Flat 9 at Whittier,Roxbury
98,Forest Hills,Jamaica Plain
99,Forsyth St at Huntington Ave,Fenway
100,Four Corners - 157 Washington St,Dorchester
101,Franklin Park - Seaver St at Humboldt Ave,Roxbury
102,Franklin Park Zoo - Franklin Park Rd at Blue Hill Ave,Roxbury
103,Gallivan Blvd at Adams St,Dorchester
104,Geiger Gibson Community Health Center,Dorchester
105,Glendon St at Condor St,East Boston
106,Gove St at Orleans St,East Boston
107,Government Center - Cambridge St at Court St,Downtown
108,Green Street T Stop - Green St at Amory St,Jamaica Plain
109,Grove Hall Library - 41 Geneva Ave,Dorchester
110,Harrison Ave at Bennet St,Chinatown
111,Harrison Ave at E. Dedham St,South End
112,Harrison Ave at Mullins Way,South End
113,Harvard Ave at Brainerd Rd,Allston
114,Harvard Stadium: N. Harvard St at Soldiers Field Rd,Allston
115,Hayes Square - Vine St at Moulton St,Charlestown
116,HMS/HSPH - Avenue Louis Pasteur at Longwood Ave,Longwood
117,Honan Library,Allston
118,Hood Park,Charlestown
119,Huntington Ave at Mass Art,Longwood
120,Hyde Park Ave at Arlington St,Hyde Park
121,Hyde Park Ave at Walk Hill St,Jamaica Plain
122,Hyde Park Library,Hyde Park
123,Hyde Square - Barbara St at Centre St,Jamaica Plain
124,ID Building East,South Boston Waterfront
125,ID Building West,South Boston Waterfront
126,Ink Block - Harrison Ave at Herald St,South End
127,Innovation Lab - 125 Western Ave at Batten Way,Allston
128,Jackson Square T Stop,Jamaica Plain
129,Jamaica St at South St,Jamaica Plain
130,JFK/UMass T Stop,Dorchester
131,Kenmore Square,Fenway
132,Knoll St at Centre St,West Roxbury
133,Landmark Center - Brookline Ave at Park Dr,Fenway
134,Lansdowne T Stop,Fenway
135,Lewis Wharf at Atlantic Ave,North End
136,Longwood Ave at Binney St,Longwood
137,Main St at Austin St,Charlestown
138,Main St at Baldwin St,Charlestown
139,Main St at Thompson Sq,Charlestown
140,Marion St at White St,East Boston
141,Martha Eliot Health Center,Jamaica Plain
142,Mass Ave T Station,Roxbury
143,Massachusetts Ave at Columbus Ave,South End
144,Mattapan Library,Mattapan
145,Mattapan T Stop,Mattapan
146,Maverick Square - Lewis Mall,East Boston
147,Maverick St at Massport Path,East Boston
148,Medford St at Charlestown BCYF,Charlestown
149,MLK Blvd at Washington St,Roxbury
150,Morton St at Gallivan Blvd,Mattapan
151,Morton St T,Mattapan
152,Mt. Hope St at Hyde Park Ave,Roslindale
153,Mugar Way at Beacon St,Beacon Hill
154,Murphy Skating Rink - 1880 Day Blvd,South Boston
155,Nashua Street at Red Auerbach Way,West End
156,NCAAA - Walnut Ave at Crawford St,Roxbury
157,New Balance - 20 Guest St,Brighton
158,Newbury St at Hereford St,Back Bay
159,Newmarket Square T Stop - Massachusetts Ave at Newmarket Square,South Boston
160,Northbourne Rd at Hyde Park Ave,Jamaica Plain
161,Northeastern University - North Parking Lot,Fenway
162,Oak Square - 615 Washington St,Brighton
163,One Beacon St,Downtown
164,One Brigham Circle,Mission Hill
165,Orient Heights T Stop - Bennington St at Saratoga St,East Boston
166,Packard's Corner - Commonwealth Ave at Brighton Ave,Allston
167,Park Dr at Buswell St,Fenway
168,Park Plaza at Charles St S.,Downtown
169,Park St at Norwell St,Dorchester
170,Pier 4 Blvd at Autumn Ln,South Boston Waterfront
171,Piers Park,East Boston
172,Porzio Park,East Boston
173,Post Office Square,Downtown
174,Prudential Center - 101 Huntington Ave,Back Bay
175,Purchase St at Pearl St,Downtown
176,Ring Rd,Back Bay
177,Roseland St At Dorchester Ave,Dorchester
178,Roslindale Village - South St,Roslindale
179,Roslindale Village - Washington St,Roslindale
180,Ross Playground,Hyde Park
181,Rowes Wharf at Atlantic Ave,Downtown
182,Roxbury Crossing T Stop - Columbus Ave at Tremont St,Roxbury
183,Roxbury YMCA - Warren St at MLK Blvd,Roxbury
184,Ruggles T Stop - Columbus Ave at Melnea Cass Blvd,Roxbury
185,Ryan Playground - Dorchester Ave at Harbor View St,Dorchester
186,S Huntington Ave at Heath St,Jamaica Plain
187,Savin Hill T Stop - S Sydney St at Bay St,Dorchester
188,Seaport Blvd at Sleeper St,South Boston Waterfront
189,Seaport Hotel - Congress St at Seaport Ln,South Boston Waterfront
190,Seaport Square - Seaport Blvd at Northern Ave,South Boston Waterfront
191,Shawmut Ave at Lenox St,Roxbury
192,Shawmut Ave at Oak St W,Chinatown
193,Shawmut T Stop,Dorchester
194,Silber Way,Fenway
195,Soldiers Field Park - 111 Western Ave,Allston
196,South Boston Library - 646 E Broadway,South Boston
197,South End Library - Tremont St at W Newton St,South End
198,South Station - 700 Atlantic Ave,Downtown
199,Spaulding Rehabilitation Hospital - Charlestown Navy Yard,Charlestown
200,Spring St at Powell St,West Roxbury
201,St. Alphonsus St at Tremont St,Mission Hill
202,State Street at Channel Center,South Boston Waterfront
203,Stony Brook T Stop,Jamaica Plain
204,Stuart St at Berkeley St,Back Bay
205,Stuart St at Charles St,Downtown
206,Sullivan Square,Charlestown
207,Surface Rd at India St,Downtown
208,Surface Rd at Summer St,Downtown
209,Sydney St at Carson St,Dorchester
210,Talbot Ave At Blue Hill Ave,Dorchester
211,The Dimock Center,Roxbury
212,The Eddy - New St at Sumner St,East Boston
213,The Lawn on D,South Boston Waterfront
214,The Overlook at St. Gabriel's,Brighton
215,Thetford Ave at Norfolk St,Dorchester
216,Tremont St at E Berkeley St,South End
217,Tremont St at Hamilton Pl,Downtown
218,Tremont St at Northampton St,Roxbury
219,Tremont St at W. Dedham St,South End
220,Tremont St at West St,Downtown
221,Troy Boston,South End
222,Union Square - Brighton Ave at Cambridge St,Allston
223,University of Massachusetts Boston - Campus Center,Dorchester
224,Uphams Corner,Dorchester
225,Uphams Corner T Stop - Magnolia St at Dudley St,Dorchester
226,Valenti Way at Haverhill St,West End
227,W Broadway at D St,South Boston
228,W Broadway at Dorchester St,South Boston
229,Walnut Ave at School St,Roxbury
230,Walnut Ave at Warren St,Roxbury
231,Warren St at Chelsea St,Charlestown
232,Washington St at Bowdoin St,Dorchester
233,Washington St at Brock St,Brighton
234,Washington St at Denton Terr,Roslindale
235,Washington St at Egremont Rd,Brighton
236,Washington St at Fuller St,Dorchester
237,Washington St at Lenox St,Roxbury
238,Washington St at Melnea Cass Blvd,Roxbury
239,Washington St at Peters Park,South End
240,Washington St at Rutland St,South End
241,Washington St at Talbot Ave,Dorchester
242,Washington St at Walsh Playground,Mattapan
243,Washington St at Waltham St,South End
244,Watermark Seaport - Boston Wharf Rd at Seaport Blvd,South Boston Waterfront
245,Wentworth Institute of Technology - Huntington Ave at Vancouver St,Fenway
246,West End Park,West End
247,Western Ave at Richardson St,Brighton
248,Whittier St Health Center,Roxbury
249,Williams St at Washington St,Jamaica Plain
